https://www.ethnologue.com/language/wbs,Still,Stable,10k<1M
https://www.ethnologue.com/language/wbt,Still,Endangered,NoUsers
https://www.ethnologue.com/language/wbv,Still,Endangered,NoUsers
https://www.ethnologue.com/language/wbw,Still,Endangered,<10k
https://www.ethnologue.com/language/wca,Still,Stable,<10k
https://www.ethnologue.com/language/wci,Emerging,Stable,10k<1M
https://www.ethnologue.com/language/wdd,Still,Stable,10k<1M
https://www.ethnologue.com/language/wdg,Still,Stable,<10k
https://www.ethnologue.com/language/wdj,Still,Endangered,NoUsers
https://www.ethnologue.com/language/wdk,Still,Extinct,NoUsers
https://www.ethnologue.com/language/wdt,/img/logotype-black.svg,Endangered,NoUsers
https://www.ethnologue.com/language/wdu,Still,Extinct,NoUsers
https://www.ethnologue.com/language/wdy,Still,Extinct,NoUsers
https://www.ethnologue.com/language/wea,Emerging,Extinct,NoUsers
https://www.ethnologue.com/language/wec,Still,Stable,10k<1M
https://www.ethnologue.com/language/wed,Emerging,Institutional,10k<1M
https://www.ethnologue.com/language/weg,Still,Endangered,NoUsers
https://www.ethnologue.com/language/weh,Emerging,Stable,<10k
https://www.ethnologue.com/language/wei,Still,Stable,<10k
https://www.ethnologue.com/language/wem,Still,Stable,10k<1M
https://www.ethnologue.com/language/weo,Still,Stable,<10k
https://www.ethnologue.com/language/wep,Emerging,Stable,NoUsers
https://www.ethnologue.com/language/wer,Emerging,Stable,<10k
https://www.ethnologue.com/language/wes,Emerging,Institutional,1M<1B
https://www.ethnologue.com/language/wet,Still,Endangered,<10k
https://www.ethnologue.com/language/weu,Emerging,Stable,<10k
https://www.ethnologue.com/language/wew,Emerging,Stable,10k<1M
https://www.ethnologue.com/language/wfg,Still,Endangered,<10k
https://www.ethnologue.com/language/wga,Still,Extinct,NoUsers
https://www.ethnologue.com/language/wgb,Still,Stable,<10k
https://www.ethnologue.com/language/wgg,Still,Extinct,NoUsers
https://www.ethnologue.com/language/wgi,Emerging,Stable,10k<1M
https://www.ethnologue.com/language/wgo,Still,Endangered,<10k
https://www.ethnologue.com/language/wgu,Still,Endangered,NoUsers
https://www.ethnologue.com/language/wgy,Still,Endangered,NoUsers
https://www.ethnologue.com/language/wha,Still,Endangered,<10k
https://www.ethnologue.com/language/whg,Emerging,Stable,10k<1M
https://www.ethnologue.com/language/whk,Emerging,Endangered,<10k
https://www.ethnologue.com/language/whu,Still,Endangered,<10k
https://www.ethnologue.com/language/wib,Emerging,Stable,10k<1M
https://www.ethnologue.com/language/wic,Still,Endangered,NoUsers
https://www.ethnologue.com/language/wie,Still,Extinct,NoUsers
https://www.ethnologue.com/language/wif,Still,Extinct,NoUsers
https://www.ethnologue.com/language/wig,Still,Endangered,NoUsers
https://www.ethnologue.com/language/wih,Still,Endangered,NoUsers
https://www.ethnologue.com/language/wii,Still,Endangered,<10k
https://www.ethnologue.com/language/wij,Still,Endangered,NoUsers
https://www.ethnologue.com/language/wik,Still,Endangered,NoUsers
https://www.ethnologue.com/language/wil,Still,Extinct,NoUsers
https://www.ethnologue.com/language/wim,Emerging,Endangered,<10k
https://www.ethnologue.com/language/win,Emerging,Endangered,<10k
https://www.ethnologue.com/language/wir,Still,Extinct,NoUsers
https://www.ethnologue.com/language/wiu,Emerging,Stable,10k<1M
https://www.ethnologue.com/language/wiv,Emerging,Institutional,<10k
https://www.ethnologue.com/language/wiy,Still,Endangered,NoUsers
https://www.ethnologue.com/language/wja,Emerging,Stable,10k<1M
https://www.ethnologue.com/language/wji,Emerging,Endangered,10k<1M
https://www.ethnologue.com/language/wka,Still,Extinct,NoUsers
https://www.ethnologue.com/language/wkb,Still,Endangered,10k<1M
https://www.ethnologue.com/language/wkd,Still,Endangered,<10k
https://www.ethnologue.com/language/wkl,Still,Endangered,<10k
https://www.ethnologue.com/language/wkr,Still,Endangered,NoUsers
https://www.ethnologue.com/language/wku,Still,Endangered,<10k
https://www.ethnologue.com/language/wkw,Still,Endangered,NoUsers
https://www.ethnologue.com/language/wky,Still,Extinct,NoUsers
https://www.ethnologue.com/language/wla,Still,Endangered,<10k
https://www.ethnologue.com/language/wlc,Emerging,Stable,10k<1M
https://www.ethnologue.com/language/wle,Emerging,Stable,10k<1M
https://www.ethnologue.com/language/wlg,Still,Endangered,NoUsers
https://www.ethnologue.com/language/wlh,Still,Stable,<10k
https://www.ethnologue.com/language/wli,Still,Endangered,<10k
https://www.ethnologue.com/language/wlk,Emerging,Extinct,NoUsers
https://www.ethnologue.com/language/wll,Still,Stable,<10k
https://www.ethnologue.com/language/wln,Ascending,Endangered,10k<1M
https://www.ethnologue.com/language/wlo,Emerging,Endangered,10k<1M
https://www.ethnologue.com/language/wlr,Still,Stable,<10k
https://www.ethnologue.com/language/wls,Emerging,Stable,10k<1M
https://www.ethnologue.com/language/wlu,Still,Extinct,NoUsers
https://www.ethnologue.com/language/wlv,Emerging,Stable,10k<1M
https://www.ethnologue.com/language/wlw,Emerging,Stable,10k<1M
https://www.ethnologue.com/language/wlx,Still,Stable,10k<1M
https://www.ethnologue.com/language/wmb,Still,Endangered,NoUsers
https://www.ethnologue.com/language/wmc,Still,Endangered,<10k
https://www.ethnologue.com/language/wmd,Still,Endangered,<10k
https://www.ethnologue.com/language/wme,Emerging,Stable,10k<1M
https://www.ethnologue.com/language/wmg,Still,Endangered,10k<1M
https://www.ethnologue.com/language/wmh,Still,Endangered,10k<1M
https://www.ethnologue.com/language/wmi,Still,Endangered,NoUsers
https://www.ethnologue.com/language/wmm,Still,Endangered,10k<1M
https://www.ethnologue.com/language/wmn,Still,Extinct,NoUsers
https://www.ethnologue.com/language/wmo,Still,Endangered,<10k
https://www.ethnologue.com/language/wms,Emerging,Endangered,<10k
https://www.ethnologue.com/language/wmt,Emerging,Endangered,<10k
https://www.ethnologue.com/language/wmw,Emerging,Stable,10k<1M
https://www.ethnologue.com/language/wmx,Still,Endangered,NoUsers
https://www.ethnologue.com/language/wnb,Still,Endangered,<10k
https://www.ethnologue.com/language/wnc,Emerging,Stable,<10k
https://www.ethnologue.com/language/wnd,Still,Extinct,NoUsers
https://www.ethnologue.com/language/wne,Emerging,Stable,10k<1M
https://www.ethnologue.com/language/wng,Still,Endangered,<10k
https://www.ethnologue.com/language/wni,Emerging,Stable,10k<1M
https://www.ethnologue.com/language/wnk,Emerging,Stable,10k<1M
https://www.ethnologue.com/language/wnm,Still,Extinct,NoUsers
https://www.ethnologue.com/language/wnn,Still,Extinct,NoUsers
https://www.ethnologue.com/language/wno,Emerging,Endangered,<10k
https://www.ethnologue.com/language/wnp,Still,Endangered,<10k
https://www.ethnologue.com/language/wnu,Emerging,Endangered,<10k
https://www.ethnologue.com/language/wnw,Still,Extinct,NoUsers
https://www.ethnologue.com/language/wny,Still,Endangered,NoUsers
https://www.ethnologue.com/language/woa,Still,Endangered,NoUsers
https://www.ethnologue.com/language/wob,Emerging,Stable,10k<1M
https://www.ethnologue.com/language/woc,Still,Endangered,<10k
https://www.ethnologue.com/language/wod,Still,Endangered,<10k
https://www.ethnologue.com/language/woe,Still,Stable,<10k
https://www.ethnologue.com/language/wof,Emerging,Institutional,10k<1M
https://www.ethnologue.com/language/wog,Still,Stable,<10k
https://www.ethnologue.com/language/woi,Still,Endangered,<10k
https://www.ethnologue.com/language/wok,Emerging,Endangered,<10k
https://www.ethnologue.com/language/wol,Vital,Institutional,1M<1B
https://www.ethnologue.com/language/wom,Still,Stable,<10k
https://www.ethnologue.com/language/won,Emerging,Stable,10k<1M
https://www.ethnologue.com/language/woo,Still,Endangered,<10k
https://www.ethnologue.com/language/wor,Still,Endangered,NoUsers
https://www.ethnologue.com/language/wos,Emerging,Stable,<10k
https://www.ethnologue.com/language/wow,Still,Endangered,10k<1M
https://www.ethnologue.com/language/woy,Still,Endangered,NoUsers
https://www.ethnologue.com/language/wpc,Emerging,Stable,<10k
https://www.ethnologue.com/language/wrb,Still,Extinct,NoUsers
https://www.ethnologue.com/language/wrg,Still,Endangered,NoUsers
https://www.ethnologue.com/language/wrh,Emerging,Endangered,<10k
https://www.ethnologue.com/language/wri,Still,Extinct,NoUsers
https://www.ethnologue.com/language/wrk,Emerging,Endangered,<10k
https://www.ethnologue.com/language/wrl,Still,Endangered,NoUsers
https://www.ethnologue.com/language/wrm,Emerging,Endangered,<10k
https://www.ethnologue.com/language/wrn,Still,Endangered,<10k
https://www.ethnologue.com/language/wro,Still,Endangered,NoUsers
https://www.ethnologue.com/language/wrp,Still,Endangered,<10k
https://www.ethnologue.com/language/wrr,Still,Endangered,NoUsers
https://www.ethnologue.com/language/wrs,Emerging,Stable,<10k
https://www.ethnologue.com/language/wru,Still,Endangered,<10k
https://www.ethnologue.com/language/wrv,Still,Stable,<10k
https://www.ethnologue.com/language/wrw,Still,Extinct,NoUsers
https://www.ethnologue.com/language/wrx,Still,Endangered,<10k
https://www.ethnologue.com/language/wry,Emerging,Stable,1M<1B
https://www.ethnologue.com/language/wrz,Emerging,Extinct,NoUsers
https://www.ethnologue.com/language/wsa,Still,Endangered,<10k
https://www.ethnologue.com/language/wsg,Emerging,Institutional,10k<1M
https://www.ethnologue.com/language/wsi,Still,Stable,<10k
https://www.ethnologue.com/language/wsk,Emerging,Endangered,10k<1M
https://www.ethnologue.com/language/wsr,Still,Endangered,<10k
https://www.ethnologue.com/language/wss,Still,Stable,10k<1M
https://www.ethnologue.com/language/wsu,Still,Endangered,NoUsers
https://www.ethnologue.com/language/wsv,Still,Endangered,NoUsers
https://www.ethnologue.com/language/wtb,/img/logotype-black.svg,Stable,10k<1M
https://www.ethnologue.com/language/wtf,Still,Endangered,<10k
https://www.ethnologue.com/language/wth,Still,Extinct,NoUsers
https://www.ethnologue.com/language/wti,Emerging,Institutional,10k<1M
https://www.ethnologue.com/language/wtk,Emerging,Endangered,<10k
https://www.ethnologue.com/language/wtm,Emerging,Stable,10k<1M
https://www.ethnologue.com/language/wtw,Still,Endangered,<10k
https://www.ethnologue.com/language/wua,Still,Endangered,NoUsers
https://www.ethnologue.com/language/wub,Still,Endangered,NoUsers
https://www.ethnologue.com/language/wud,Still,Endangered,<10k
https://www.ethnologue.com/language/wuh,Still,Stable,<10k
https://www.ethnologue.com/language/wul,Emerging,Stable,<10k
https://www.ethnologue.com/language/wum,Still,Stable,10k<1M
https://www.ethnologue.com/language/wun,Emerging,Stable,10k<1M
https://www.ethnologue.com/language/wut,Still,Stable,<10k
https://www.ethnologue.com/language/wuu,Emerging,Stable,1M<1B
https://www.ethnologue.com/language/wuv,Emerging,Stable,<10k
https://www.ethnologue.com/language/wux,Still,Extinct,NoUsers
https://www.ethnologue.com/language/wuy,Still,Endangered,<10k
https://www.ethnologue.com/language/wwa,Emerging,Stable,10k<1M
https://www.ethnologue.com/language/wwb,Still,Extinct,NoUsers
https://www.ethnologue.com/language/wwo,Still,Stable,<10k
https://www.ethnologue.com/language/wwr,Still,Extinct,NoUsers
https://www.ethnologue.com/language/www,Emerging,Endangered,<10k
https://www.ethnologue.com/language/wxa,Still,Endangered,10k<1M
https://www.ethnologue.com/language/wxw,Still,Extinct,NoUsers
https://www.ethnologue.com/language/wyb,Still,Extinct,NoUsers
https://www.ethnologue.com/language/wyi,Still,Endangered,NoUsers
https://www.ethnologue.com/language/wym,Emerging,Endangered,NoUsers
https://www.ethnologue.com/language/wyn,/img/logotype-black.svg,Endangered,NoUsers
https://www.ethnologue.com/language/wyr,Still,Endangered,NoUsers
https://www.ethnologue.com/language/wyy,Still,Stable,10k<1M
https://www.ethnologue.com/language/xab,Still,Extinct,NoUsers
https://www.ethnologue.com/language/xac,Still,Endangered,10k<1M
https://www.ethnologue.com/language/xad,Still,Extinct,NoUsers
https://www.ethnologue.com/language/xai,Still,Endangered,NoUsers
https://www.ethnologue.com/language/xaj,Still,Extinct,NoUsers
https://www.ethnologue.com/language/xak,Still,Extinct,NoUsers
https://www.ethnologue.com/language/xal,Ascending,Endangered,10k<1M
https://www.ethnologue.com/language/xam,Still,Extinct,NoUsers
https://www.ethnologue.com/language/xan,Emerging,Stable,10k<1M
https://www.ethnologue.com/language/xao,Still,Stable,10k<1M
https://www.ethnologue.com/language/xap,Still,Extinct,NoUsers
https://www.ethnologue.com/language/xar,Still,Extinct,NoUsers
https://www.ethnologue.com/language/xas,Still,Extinct,NoUsers
https://www.ethnologue.com/language/xat,Still,Endangered,NoUsers
https://www.ethnologue.com/language/xau,Still,Stable,<10k
https://www.ethnologue.com/language/xav,Emerging,Stable,10k<1M
https://www.ethnologue.com/language/xaw,Still,Endangered,NoUsers
https://www.ethnologue.com/language/xay,Still,Endangered,<10k
https://www.ethnologue.com/language/xbb,Still,Extinct,NoUsers
https://www.ethnologue.com/language/xbd,Still,Extinct,NoUsers
https://www.ethnologue.com/language/xbe,Still,Extinct,NoUsers
https://www.ethnologue.com/language/xbg,Still,Extinct,NoUsers
https://www.ethnologue.com/language/xbi,Emerging,Endangered,<10k
https://www.ethnologue.com/language/xbj,Still,Extinct,NoUsers
https://www.ethnologue.com/language/xbn,Still,Extinct,NoUsers
https://www.ethnologue.com/language/xbp,Still,Extinct,NoUsers
https://www.ethnologue.com/language/xbr,Emerging,Stable,10k<1M
https://www.ethnologue.com/language/xbw,Still,Endangered,NoUsers
https://www.ethnologue.com/language/xby,Still,Endangered,NoUsers
https://www.ethnologue.com/language/xch,Still,Extinct,NoUsers
https://www.ethnologue.com/language/xcm,Still,Extinct,NoUsers
https://www.ethnologue.com/language/xcn,Still,Extinct,NoUsers
https://www.ethnologue.com/language/xcv,Still,Extinct,NoUsers
https://www.ethnologue.com/language/xcw,Still,Extinct,NoUsers
https://www.ethnologue.com/language/xcy,Still,Extinct,NoUsers
https://www.ethnologue.com/language/xda,Still,Endangered,NoUsers
https://www.ethnologue.com/language/xdk,Still,Endangered,NoUsers
https://www.ethnologue.com/language/xdo,Still,Stable,<10k
https://www.ethnologue.com/language/xdq,/img/logotype-black.svg,Stable,10k<1M
https://www.ethnologue.com/language/xdy,Emerging,Stable,10k<1M
https://www.ethnologue.com/language/xed,Emerging,Stable,10k<1M
https://www.ethnologue.com/language/xeg,Still,Extinct,NoUsers
https://www.ethnologue.com/language/xel,Still,Endangered,<10k
https://www.ethnologue.com/language/xem,Still,Endangered,10k<1M
https://www.ethnologue.com/language/xer,Still,Stable,<10k
https://www.ethnologue.com/language/xes,Still,Endangered,<10k
https://www.ethnologue.com/language/xet,Still,Endangered,NoUsers
https://www.ethnologue.com/language/xeu,Still,Stable,<10k
https://www.ethnologue.com/language/xgb,Still,Extinct,NoUsers
https://www.ethnologue.com/language/xgd,Still,Extinct,NoUsers
https://www.ethnologue.com/language/xgf,Still,Endangered,NoUsers
https://www.ethnologue.com/language/xgg,Still,Extinct,NoUsers
https://www.ethnologue.com/language/xgi,Still,Extinct,NoUsers
https://www.ethnologue.com/language/xgm,Still,Endangered,NoUsers
https://www.ethnologue.com/language/xgr,Still,Extinct,NoUsers
https://www.ethnologue.com/language/xgu,Still,Endangered,NoUsers
https://www.ethnologue.com/language/xgw,Still,Extinct,NoUsers
https://www.ethnologue.com/language/xhe,Still,Stable,10k<1M
https://www.ethnologue.com/language/xho,Vital,Institutional,1M<1B
https://www.ethnologue.com/language/xhv,Still,Stable,<10k
https://www.ethnologue.com/language/xii,Still,Endangered,<10k
https://www.ethnologue.com/language/xin,Still,Endangered,NoUsers
https://www.ethnologue.com/language/xir,Still,Endangered,NoUsers
https://www.ethnologue.com/language/xis,Emerging,Stable,10k<1M
https://www.ethnologue.com/language/xiy,Still,Endangered,NoUsers
https://www.ethnologue.com/language/xjb,Emerging,Endangered,<10k
https://www.ethnologue.com/language/xjt,Still,Extinct,NoUsers
https://www.ethnologue.com/language/xka,Still,Endangered,<10k
https://www.ethnologue.com/language/xkb,Still,Stable,10k<1M
https://www.ethnologue.com/language/xkc,Still,Endangered,NoUsers
https://www.ethnologue.com/language/xkd,Still,Endangered,<10k
https://www.ethnologue.com/language/xke,Still,Endangered,<10k
https://www.ethnologue.com/language/xkf,Emerging,Stable,10k<1M
https://www.ethnologue.com/language/xkg,Still,Endangered,10k<1M
https://www.ethnologue.com/language/xki,Emerging,Stable,10k<1M
https://www.ethnologue.com/language/xkj,Still,Endangered,NoUsers
https://www.ethnologue.com/language/xkk,Still,Stable,<10k
https://www.ethnologue.com/language/xkl,Still,Endangered,10k<1M
https://www.ethnologue.com/language/xkn,Still,Endangered,<10k
https://www.ethnologue.com/language/xko,Still,Endangered,<10k
https://www.ethnologue.com/language/xkp,Still,Endangered,NoUsers
https://www.ethnologue.com/language/xkq,Still,Endangered,<10k
https://www.ethnologue.com/language/xkr,Still,Endangered,NoUsers
https://www.ethnologue.com/language/xks,Still,Endangered,<10k
https://www.ethnologue.com/language/xkt,Still,Endangered,<10k
https://www.ethnologue.com/language/xku,Still,Endangered,10k<1M
https://www.ethnologue.com/language/xkv,Still,Stable,10k<1M
https://www.ethnologue.com/language/xkw,Still,Endangered,NoUsers
https://www.ethnologue.com/language/xkx,Still,Endangered,<10k
https://www.ethnologue.com/language/xky,Still,Endangered,<10k
https://www.ethnologue.com/language/xkz,Still,Endangered,10k<1M
https://www.ethnologue.com/language/xla,Emerging,Stable,<10k
https://www.ethnologue.com/language/xlb,Still,Extinct,NoUsers
https://www.ethnologue.com/language/xlo,Still,Extinct,NoUsers
https://www.ethnologue.com/language/xma,Still,Endangered,10k<1M
https://www.ethnologue.com/language/xmb,Emerging,Endangered,<10k
https://www.ethnologue.com/language/xmc,Still,Stable,10k<1M
https://www.ethnologue.com/language/xmd,Emerging,Stable,<10k
https://www.ethnologue.com/language/xmf,Ascending,Stable,10k<1M
https://www.ethnologue.com/language/xmg,Emerging,Stable,10k<1M
https://www.ethnologue.com/language/xmh,Still,Endangered,NoUsers
https://www.ethnologue.com/language/xmj,Emerging,Stable,<10k
https://www.ethnologue.com/language/xml,Emerging,Stable,10k<1M
https://www.ethnologue.com/language/xmm,Ascending,Institutional,1M<1B
https://www.ethnologue.com/language/xmo,Still,Endangered,<10k
https://www.ethnologue.com/language/xmp,Still,Extinct,NoUsers
https://www.ethnologue.com/language/xmq,Still,Extinct,NoUsers
https://www.ethnologue.com/language/xms,Still,Stable,10k<1M
https://www.ethnologue.com/language/xmt,Still,Endangered,<10k
https://www.ethnologue.com/language/xmu,Still,Extinct,NoUsers
https://www.ethnologue.com/language/xmv,Emerging,Stable,10k<1M
https://www.ethnologue.com/language/xmw,Still,Stable,1M<1B
https://www.ethnologue.com/language/xmx,Still,Endangered,NoUsers
https://www.ethnologue.com/language/xmy,Still,Extinct,NoUsers
https://www.ethnologue.com/language/xmz,Emerging,Endangered,10k<1M
https://www.ethnologue.com/language/xnb,Emerging,Endangered,NoUsers
https://www.ethnologue.com/language/xnh,Still,Endangered,<10k
https://www.ethnologue.com/language/xni,Still,Extinct,NoUsers
https://www.ethnologue.com/language/xnj,Emerging,Stable,10k<1M
https://www.ethnologue.com/language/xnk,Still,Extinct,NoUsers
https://www.ethnologue.com/language/xnm,Still,Extinct,NoUsers
https://www.ethnologue.com/language/xnn,Emerging,Stable,10k<1M
https://www.ethnologue.com/language/xnq,Emerging,Stable,10k<1M
https://www.ethnologue.com/language/xnr,Emerging,Stable,1M<1B
https://www.ethnologue.com/language/xns,Still,Endangered,<10k
https://www.ethnologue.com/language/xnt,Still,Endangered,NoUsers
https://www.ethnologue.com/language/xnu,Still,Extinct,NoUsers
https://www.ethnologue.com/language/xny,Still,Endangered,NoUsers
https://www.ethnologue.com/language/xnz,Emerging,Endangered,10k<1M
https://www.ethnologue.com/language/xoc,Still,Extinct,NoUsers
https://www.ethnologue.com/language/xod,Still,Endangered,<10k
https://www.ethnologue.com/language/xog,Ascending,Institutional,1M<1B
https://www.ethnologue.com/language/xoi,Still,Endangered,<10k
https://www.ethnologue.com/language/xok,Still,Endangered,<10k
https://www.ethnologue.com/language/xom,Emerging,Stable,10k<1M
https://www.ethnologue.com/language/xon,Ascending,Stable,10k<1M
https://www.ethnologue.com/language/xoo,Still,Endangered,NoUsers
https://www.ethnologue.com/language/xop,Still,Endangered,NoUsers
https://www.ethnologue.com/language/xor,Still,Stable,<10k
https://www.ethnologue.com/language/xow,Still,Endangered,NoUsers
https://www.ethnologue.com/language/xpa,Still,Extinct,NoUsers
https://www.ethnologue.com/language/xpb,Still,Extinct,NoUsers
https://www.ethnologue.com/language/xpd,Still,Extinct,NoUsers
https://www.ethnologue.com/language/xpe,Ascending,Stable,10k<1M
https://www.ethnologue.com/language/xpf,Still,Extinct,NoUsers
https://www.ethnologue.com/language/xph,Still,Extinct,NoUsers
https://www.ethnologue.com/language/xpj,Still,Extinct,NoUsers
https://www.ethnologue.com/language/xpk,Still,Endangered,NoUsers
https://www.ethnologue.com/language/xpl,Still,Extinct,NoUsers
https://www.ethnologue.com/language/xpm,Still,Extinct,NoUsers
https://www.ethnologue.com/language/xpn,Still,Endangered,NoUsers
https://www.ethnologue.com/language/xpo,Still,Extinct,NoUsers
https://www.ethnologue.com/language/xpq,Emerging,Endangered,NoUsers
https://www.ethnologue.com/language/xpt,Still,Extinct,NoUsers
https://www.ethnologue.com/language/xpv,Still,Extinct,NoUsers
https://www.ethnologue.com/language/xpw,Still,Extinct,NoUsers
https://www.ethnologue.com/language/xpx,Still,Extinct,NoUsers
https://www.ethnologue.com/language/xpz,Still,Extinct,NoUsers
https://www.ethnologue.com/language/xra,Still,Stable,<10k
https://www.ethnologue.com/language/xrb,Emerging,Stable,10k<1M
https://www.ethnologue.com/language/xrd,Still,Endangered,NoUsers
https://www.ethnologue.com/language/xre,Still,Endangered,NoUsers
https://www.ethnologue.com/language/xrg,Still,Extinct,NoUsers
https://www.ethnologue.com/language/xri,Still,Stable,<10k
https://www.ethnologue.com/language/xrn,Still,Extinct,NoUsers
https://www.ethnologue.com/language/xrt,Still,Extinct,NoUsers
https://www.ethnologue.com/language/xru,Still,Endangered,NoUsers
https://www.ethnologue.com/language/xrw,Still,Endangered,NoUsers
https://www.ethnologue.com/language/xsb,Emerging,Endangered,10k<1M
https://www.ethnologue.com/language/xse,Still,Endangered,<10k
https://www.ethnologue.com/language/xsh,Still,Stable,NoUsers
https://www.ethnologue.com/language/xsi,Emerging,Stable,<10k
https://www.ethnologue.com/language/xsj,Still,Endangered,10k<1M
https://www.ethnologue.com/language/xsl,Emerging,Endangered,<10k
https://www.ethnologue.com/language/xsm,Ascending,Institutional,10k<1M
https://www.ethnologue.com/language/xsn,Emerging,Stable,10k<1M
https://www.ethnologue.com/language/xso,Still,Extinct,NoUsers
https://www.ethnologue.com/language/xsp,Still,Endangered,<10k
https://www.ethnologue.com/language/xsq,Still,Stable,10k<1M
https://www.ethnologue.com/language/xsr,Ascending,Endangered,10k<1M
https://www.ethnologue.com/language/xsu,Emerging,Stable,<10k
https://www.ethnologue.com/language/xsv,Still,Extinct,NoUsers
https://www.ethnologue.com/language/xsy,Emerging,Endangered,<10k
https://www.ethnologue.com/language/xta,Emerging,Stable,10k<1M
https://www.ethnologue.com/language/xtb,Still,Endangered,<10k
https://www.ethnologue.com/language/xtc,Emerging,Endangered,10k<1M
https://www.ethnologue.com/language/xtd,Emerging,Endangered,<10k
https://www.ethnologue.com/language/xte,Still,Stable,10k<1M
https://www.ethnologue.com/language/xth,Still,Endangered,NoUsers
https://www.ethnologue.com/language/xti,Still,Stable,<10k
https://www.ethnologue.com/language/xtj,Still,Endangered,<10k
https://www.ethnologue.com/language/xtl,Still,Stable,<10k
https://www.ethnologue.com/language/xtm,Emerging,Endangered,<10k
https://www.ethnologue.com/language/xtn,Emerging,Stable,<10k
https://www.ethnologue.com/language/xtp,Still,Endangered,<10k
https://www.ethnologue.com/language/xts,Still,Endangered,NoUsers
https://www.ethnologue.com/language/xtt,Still,Endangered,<10k
https://www.ethnologue.com/language/xtu,Still,Endangered,<10k
https://www.ethnologue.com/language/xtv,Still,Extinct,NoUsers
https://www.ethnologue.com/language/xtw,Still,Endangered,NoUsers
https://www.ethnologue.com/language/xty,Emerging,Stable,10k<1M
https://www.ethnologue.com/language/xua,Still,Endangered,<10k
https://www.ethnologue.com/language/xub,Emerging,Stable,10k<1M
https://www.ethnologue.com/language/xud,Still,Endangered,NoUsers
https://www.ethnologue.com/language/xug,Emerging,Endangered,<10k
https://www.ethnologue.com/language/xuj,Emerging,Stable,10k<1M
https://www.ethnologue.com/language/xul,Still,Extinct,NoUsers
https://www.ethnologue.com/language/xun,Still,Extinct,NoUsers
https://www.ethnologue.com/language/xuo,Emerging,Stable,10k<1M
https://www.ethnologue.com/language/xup,Emerging,Extinct,NoUsers
https://www.ethnologue.com/language/xut,Still,Extinct,NoUsers
https://www.ethnologue.com/language/xuu,Emerging,Stable,<10k
https://www.ethnologue.com/language/xvi,Still,Stable,10k<1M
https://www.ethnologue.com/language/xwa,Still,Endangered,NoUsers
https://www.ethnologue.com/language/xwc,Still,Extinct,NoUsers
https://www.ethnologue.com/language/xwd,Still,Endangered,NoUsers
https://www.ethnologue.com/language/xwe,Emerging,Stable,10k<1M
https://www.ethnologue.com/language/xwg,Still,Endangered,<10k
https://www.ethnologue.com/language/xwj,Still,Extinct,NoUsers
https://www.ethnologue.com/language/xwk,Still,Extinct,NoUsers
https://www.ethnologue.com/language/xwl,Still,Stable,10k<1M
https://www.ethnologue.com/language/xwr,Still,Stable,<10k
https://www.ethnologue.com/language/xwt,Still,Extinct,NoUsers
https://www.ethnologue.com/language/xww,Still,Endangered,NoUsers
https://www.ethnologue.com/language/xxb,Still,Extinct,NoUsers
https://www.ethnologue.com/language/xxk,Still,Stable,10k<1M
https://www.ethnologue.com/language/xxm,Still,Extinct,NoUsers
https://www.ethnologue.com/language/xxr,Still,Extinct,NoUsers
https://www.ethnologue.com/language/xxt,Still,Extinct,NoUsers
https://www.ethnologue.com/language/xya,Still,Extinct,NoUsers
https://www.ethnologue.com/language/xyb,Still,Extinct,NoUsers
https://www.ethnologue.com/language/xyj,Still,Extinct,NoUsers
https://www.ethnologue.com/language/xyk,Still,Extinct,NoUsers
https://www.ethnologue.com/language/xyl,Still,Extinct,NoUsers
https://www.ethnologue.com/language/xyt,Still,Extinct,NoUsers
https://www.ethnologue.com/language/xyy,Still,Extinct,NoUsers
https://www.ethnologue.com/language/xzm,Still,Extinct,NoUsers
https://www.ethnologue.com/language/yaa,Emerging,Stable,<10k
https://www.ethnologue.com/language/yab,Still,Stable,<10k
https://www.ethnologue.com/language/yac,Emerging,Endangered,<10k
https://www.ethnologue.com/language/yad,Emerging,Endangered,<10k
https://www.ethnologue.com/language/yae,Emerging,Stable,<10k
https://www.ethnologue.com/language/yaf,Still,Stable,10k<1M
https://www.ethnologue.com/language/yag,Still,Endangered,NoUsers
https://www.ethnologue.com/language/yah,Still,Endangered,<10k
https://www.ethnologue.com/language/yai,Emerging,Endangered,10k<1M
https://www.ethnologue.com/language/yaj,Emerging,Stable,10k<1M
https://www.ethnologue.com/language/yak,Emerging,Endangered,NoUsers
https://www.ethnologue.com/language/yal,Emerging,Stable,10k<1M
https://www.ethnologue.com/language/yam,Emerging,Stable,10k<1M
https://www.ethnologue.com/language/yan,Emerging,Stable,<10k
https://www.ethnologue.com/language/yao,Ascending,Stable,1M<1B
https://www.ethnologue.com/language/yap,Ascending,Institutional,<10k
https://www.ethnologue.com/language/yaq,Emerging,Endangered,10k<1M
https://www.ethnologue.com/language/yar,Still,Endangered,<10k
https://www.ethnologue.com/language/yas,Ascending,Stable,10k<1M
https://www.ethnologue.com/language/yat,Emerging,Endangered,<10k
https://www.ethnologue.com/language/yau,Still,Stable,<10k
https://www.ethnologue.com/language/yav,Ascending,Endangered,<10k
https://www.ethnologue.com/language/yaw,Still,Endangered,NoUsers
https://www.ethnologue.com/language/yax,Still,Stable,10k<1M
https://www.ethnologue.com/language/yay,Emerging,Stable,10k<1M
https://www.ethnologue.com/language/yaz,Emerging,Stable,10k<1M
https://www.ethnologue.com/language/yba,Emerging,Stable,10k<1M
https://www.ethnologue.com/language/ybb,Ascending,Stable,10k<1M
https://www.ethnologue.com/language/ybe,Emerging,Endangered,<10k
https://www.ethnologue.com/language/ybh,Emerging,Endangered,10k<1M
https://www.ethnologue.com/language/ybi,Emerging,Endangered,10k<1M
https://www.ethnologue.com/language/ybj,Still,Endangered,<10k
https://www.ethnologue.com/language/ybk,Still,Endangered,10k<1M
https://www.ethnologue.com/language/ybl,Emerging,Stable,10k<1M
https://www.ethnologue.com/language/ybm,Still,Endangered,<10k
https://www.ethnologue.com/language/ybn,Still,Endangered,NoUsers
https://www.ethnologue.com/language/ybo,Still,Stable,<10k
https://www.ethnologue.com/language/ybx,Still,Endangered,NoUsers
https://www.ethnologue.com/language/yby,Emerging,Stable,<10k
https://www.ethnologue.com/language/ych,Still,Endangered,<10k
https://www.ethnologue.com/language/ycl,Emerging,Stable,10k<1M
https://www.ethnologue.com/language/ycn,Emerging,Stable,<10k
https://www.ethnologue.com/language/ycp,Still,Endangered,<10k
https://www.ethnologue.com/language/ycr,/img/logotype-black.svg,Endangered,<10k
https://www.ethnologue.com/language/yda,Still,Extinct,NoUsers
https://www.ethnologue.com/language/ydd,Vital,Stable,10k<1M
https://www.ethnologue.com/language/yde,Still,Endangered,<10k
https://www.ethnologue.com/language/ydg,Emerging,Endangered,<10k
https://www.ethnologue.com/language/ydk,Still,Stable,<10k
https://www.ethnologue.com/language/yea,Emerging,Stable,10k<1M
https://www.ethnologue.com/language/yec,Still,Endangered,10k<1M
https://www.ethnologue.com/language/yee,Still,Endangered,NoUsers
https://www.ethnologue.com/language/yei,Emerging,Extinct,NoUsers
https://www.ethnologue.com/language/yej,Emerging,Endangered,NoUsers
https://www.ethnologue.com/language/yer,Emerging,Stable,10k<1M
https://www.ethnologue.com/language/yes,Emerging,Stable,10k<1M
https://www.ethnologue.com/language/yet,Emerging,Stable,<10k
https://www.ethnologue.com/language/yeu,Still,Stable,10k<1M
https://www.ethnologue.com/language/yev,Still,Endangered,<10k
https://www.ethnologue.com/language/yey,Still,Stable,10k<1M
https://www.ethnologue.com/language/yga,Still,Extinct,NoUsers
https://www.ethnologue.com/language/ygi,Still,Extinct,NoUsers
https://www.ethnologue.com/language/ygl,Still,Endangered,NoUsers
https://www.ethnologue.com/language/ygm,Still,Endangered,NoUsers
https://www.ethnologue.com/language/ygp,Emerging,Stable,10k<1M
https://www.ethnologue.com/language/ygr,Emerging,Stable,10k<1M
https://www.ethnologue.com/language/ygs,Still,Endangered,NoUsers
https://www.ethnologue.com/language/ygu,Still,Extinct,NoUsers
https://www.ethnologue.com/language/ygw,Emerging,Stable,10k<1M
https://www.ethnologue.com/language/yha,Still,Endangered,<10k
https://www.ethnologue.com/language/yhd,Still,Endangered,10k<1M
https://www.ethnologue.com/language/yhl,Still,Endangered,10k<1M
https://www.ethnologue.com/language/yhs,Still,Endangered,NoUsers
https://www.ethnologue.com/language/yia,Still,Endangered,NoUsers
https://www.ethnologue.com/language/yif,Still,Endangered,10k<1M
https://www.ethnologue.com/language/yig,Still,Stable,10k<1M
https://www.ethnologue.com/language/yih,Emerging,Endangered,NoUsers
https://www.ethnologue.com/language/yii,Still,Endangered,NoUsers
https://www.ethnologue.com/language/yij,Emerging,Stable,<10k
https://www.ethnologue.com/language/yik,Still,Endangered,10k<1M
https://www.ethnologue.com/language/yil,Still,Extinct,NoUsers
https://www.ethnologue.com/language/yim,Emerging,Stable,10k<1M
https://www.ethnologue.com/language/yin,Emerging,Endangered,10k<1M
https://www.ethnologue.com/language/yip,Still,Endangered,10k<1M
https://www.ethnologue.com/language/yiq,Still,Endangered,10k<1M
https://www.ethnologue.com/language/yir,Still,Endangered,<10k
https://www.ethnologue.com/language/yis,Still,Endangered,<10k
https://www.ethnologue.com/language/yit,Still,Endangered,10k<1M
https://www.ethnologue.com/language/yiu,Still,Endangered,10k<1M
https://www.ethnologue.com/language/yiv,Still,Endangered,10k<1M
https://www.ethnologue.com/language/yix,Still,Endangered,10k<1M
https://www.ethnologue.com/language/yiz,Still,Stable,10k<1M
https://www.ethnologue.com/language/yka,Emerging,Institutional,10k<1M
https://www.ethnologue.com/language/ykg,Emerging,Endangered,<10k
https://www.ethnologue.com/language/ykh,/img/logotype-black.svg,Stable,<10k
https://www.ethnologue.com/language/yki,Still,Endangered,<10k
https://www.ethnologue.com/language/ykk,Still,Endangered,<10k
https://www.ethnologue.com/language/ykl,Still,Endangered,10k<1M
https://www.ethnologue.com/language/ykm,Still,Endangered,<10k
https://www.ethnologue.com/language/ykn,Still,Stable,<10k
https://www.ethnologue.com/language/yko,Emerging,Endangered,<10k
https://www.ethnologue.com/language/ykr,Still,Stable,<10k
https://www.ethnologue.com/language/ykt,Still,Endangered,<10k
https://www.ethnologue.com/language/yku,Still,Stable,<10k
https://www.ethnologue.com/language/yky,Still,Stable,10k<1M
https://www.ethnologue.com/language/yla,Still,Endangered,<10k
https://www.ethnologue.com/language/ylb,Still,Stable,<10k
https://www.ethnologue.com/language/yle,Emerging,Stable,<10k
https://www.ethnologue.com/language/ylg,Still,Stable,<10k
https://www.ethnologue.com/language/yli,Emerging,Endangered,10k<1M
https://www.ethnologue.com/language/yll,Still,Endangered,<10k
https://www.ethnologue.com/language/ylm,Still,Stable,10k<1M
https://www.ethnologue.com/language/yln,Still,Endangered,<10k
https://www.ethnologue.com/language/ylo,Still,Endangered,10k<1M
https://www.ethnologue.com/language/ylr,Still,Extinct,NoUsers
https://www.ethnologue.com/language/ylu,Still,Endangered,<10k
https://www.ethnologue.com/language/yly,Still,Endangered,<10k
https://www.ethnologue.com/language/ymb,Still,Endangered,<10k
https://www.ethnologue.com/language/ymc,Still,Stable,10k<1M
https://www.ethnologue.com/language/ymd,Still,Endangered,<10k
https://www.ethnologue.com/language/yme,Still,Extinct,NoUsers
https://www.ethnologue.com/language/ymg,Still,Stable,10k<1M
https://www.ethnologue.com/language/ymh,Still,Endangered,10k<1M
https://www.ethnologue.com/language/ymi,Still,Endangered,<10k
https://www.ethnologue.com/language/ymk,Still,Endangered,10k<1M
https://www.ethnologue.com/language/yml,Emerging,Stable,<10k
https://www.ethnologue.com/language/ymm,Emerging,Stable,1M<1B
https://www.ethnologue.com/language/ymn,Still,Endangered,<10k
https://www.ethnologue.com/language/ymo,Still,Endangered,<10k
https://www.ethnologue.com/language/ymp,Emerging,Stable,<10k
https://www.ethnologue.com/language/ymq,Still,Endangered,<10k
https://www.ethnologue.com/language/ymr,Still,Stable,<10k
https://www.ethnologue.com/language/ymx,Still,Endangered,<10k
https://www.ethnologue.com/language/ymz,Still,Endangered,10k<1M
https://www.ethnologue.com/language/yna,Emerging,Endangered,10k<1M
https://www.ethnologue.com/language/ynd,Still,Extinct,NoUsers
https://www.ethnologue.com/language/yne,Still,Stable,<10k
https://www.ethnologue.com/language/yng,Still,Stable,<10k
https://www.ethnologue.com/language/ynk,Still,Endangered,NoUsers
https://www.ethnologue.com/language/ynl,Still,Stable,<10k
https://www.ethnologue.com/language/ynn,Still,Extinct,NoUsers
https://www.ethnologue.com/language/yno,Still,Endangered,10k<1M
https://www.ethnologue.com/language/ynq,Still,Stable,10k<1M
https://www.ethnologue.com/language/yns,Still,Stable,10k<1M
https://www.ethnologue.com/language/ynu,Still,Endangered,NoUsers
https://www.ethnologue.com/language/yob,Still,Extinct,NoUsers
https://www.ethnologue.com/language/yog,Emerging,Endangered,10k<1M
https://www.ethnologue.com/language/yoi,Emerging,Endangered,<10k
https://www.ethnologue.com/language/yok,Still,Endangered,NoUsers
https://www.ethnologue.com/language/yol,Still,Endangered,<10k
https://www.ethnologue.com/language/yom,Emerging,Stable,10k<1M
https://www.ethnologue.com/language/yon,Emerging,Stable,<10k
https://www.ethnologue.com/language/yor,Vital,Institutional,1M<1B
https://www.ethnologue.com/language/yot,Still,Stable,<10k
https://www.ethnologue.com/language/yox,Still,Endangered,<10k
https://www.ethnologue.com/language/yoy,Still,Endangered,<10k
https://www.ethnologue.com/language/ypa,Still,Endangered,10k<1M
https://www.ethnologue.com/language/ypb,Still,Endangered,10k<1M
https://www.ethnologue.com/language/ypg,Still,Stable,10k<1M
https://www.ethnologue.com/language/yph,Still,Endangered,<10k
https://www.ethnologue.com/language/ypm,Still,Stable,<10k
https://www.ethnologue.com/language/ypn,Still,Stable,10k<1M
https://www.ethnologue.com/language/ypo,Still,Stable,<10k
https://www.ethnologue.com/language/ypp,Still,Endangered,<10k
https://www.ethnologue.com/language/ypz,Still,Endangered,<10k
https://www.ethnologue.com/language/yra,Still,Endangered,<10k
https://www.ethnologue.com/language/yrb,Emerging,Stable,<10k
https://www.ethnologue.com/language/yre,Emerging,Stable,10k<1M
https://www.ethnologue.com/language/yrk,Ascending,Endangered,10k<1M
https://www.ethnologue.com/language/yrl,Emerging,Endangered,10k<1M
https://www.ethnologue.com/language/yrm,Still,Endangered,NoUsers
https://www.ethnologue.com/language/yrn,Still,Endangered,<10k
https://www.ethnologue.com/language/yro,Still,Stable,<10k
https://www.ethnologue.com/language/yrs,Still,Endangered,<10k
https://www.ethnologue.com/language/yrw,Still,Endangered,<10k
https://www.ethnologue.com/language/yry,Still,Endangered,NoUsers
https://www.ethnologue.com/language/ysc,Still,Extinct,NoUsers
https://www.ethnologue.com/language/ysd,Still,Endangered,<10k
https://www.ethnologue.com/language/ysg,Still,Stable,<10k
https://www.ethnologue.com/language/ysl,Emerging,Stable,10k<1M
https://www.ethnologue.com/language/ysm,Emerging,Stable,10k<1M
https://www.ethnologue.com/language/ysn,Still,Stable,10k<1M
https://www.ethnologue.com/language/yso,Still,Stable,10k<1M
https://www.ethnologue.com/language/ysp,Still,Endangered,10k<1M
https://www.ethnologue.com/language/ysr,Still,Extinct,NoUsers
https://www.ethnologue.com/language/yss,Emerging,Stable,<10k
https://www.ethnologue.com/language/ysy,Still,Endangered,<10k
https://www.ethnologue.com/language/yta,Still,Endangered,10k<1M
https://www.ethnologue.com/language/ytl,Still,Endangered,<10k
https://www.ethnologue.com/language/ytp,Still,Endangered,<10k
https://www.ethnologue.com/language/ytw,Still,Stable,<10k
https://www.ethnologue.com/language/yty,Still,Extinct,NoUsers
https://www.ethnologue.com/language/yua,Ascending,Stable,10k<1M
https://www.ethnologue.com/language/yub,Emerging,Extinct,NoUsers
https://www.ethnologue.com/language/yuc,Emerging,Endangered,NoUsers
https://www.ethnologue.com/language/yud,Still,Endangered,10k<1M
https://www.ethnologue.com/language/yue,Vital,Institutional,1M<1B
https://www.ethnologue.com/language/yuf,Still,Endangered,<10k
https://www.ethnologue.com/language/yug,Still,Extinct,NoUsers
https://www.ethnologue.com/language/yui,Still,Stable,<10k
https://www.ethnologue.com/language/yuj,Emerging,Stable,<10k
https://www.ethnologue.com/language/yuk,Still,Endangered,NoUsers
https://www.ethnologue.com/language/yul,Still,Endangered,10k<1M
https://www.ethnologue.com/language/yum,Still,Endangered,<10k
https://www.ethnologue.com/language/yun,Still,Stable,10k<1M
https://www.ethnologue.com/language/yup,Emerging,Endangered,<10k
https://www.ethnologue.com/language/yuq,Still,Endangered,<10k
https://www.ethnologue.com/language/yur,Still,Endangered,NoUsers
https://www.ethnologue.com/language/yut,Emerging,Stable,<10k
https://www.ethnologue.com/language/yuw,Emerging,Stable,<10k
https://www.ethnologue.com/language/yux,Still,Endangered,<10k
https://www.ethnologue.com/language/yuy,Still,Endangered,<10k
https://www.ethnologue.com/language/yuz,Emerging,Endangered,<10k
https://www.ethnologue.com/language/yva,Emerging,Stable,10k<1M
https://www.ethnologue.com/language/yvt,Still,Extinct,NoUsers
https://www.ethnologue.com/language/ywa,Still,Stable,<10k
https://www.ethnologue.com/language/ywg,Still,Endangered,NoUsers
https://www.ethnologue.com/language/ywl,Still,Endangered,10k<1M
https://www.ethnologue.com/language/ywn,Still,Stable,<10k
https://www.ethnologue.com/language/ywq,Emerging,Stable,10k<1M
https://www.ethnologue.com/language/ywr,Still,Endangered,NoUsers
https://www.ethnologue.com/language/ywt,Still,Endangered,10k<1M
https://www.ethnologue.com/language/ywu,Still,Endangered,10k<1M
https://www.ethnologue.com/language/yww,Still,Extinct,NoUsers
https://www.ethnologue.com/language/yxa,Still,Extinct,NoUsers
https://www.ethnologue.com/language/yxg,Still,Extinct,NoUsers
https://www.ethnologue.com/language/yxl,Still,Extinct,NoUsers
https://www.ethnologue.com/language/yxm,Still,Extinct,NoUsers
https://www.ethnologue.com/language/yxu,Still,Endangered,NoUsers
https://www.ethnologue.com/language/yxy,Still,Extinct,NoUsers
https://www.ethnologue.com/language/yyr,Still,Endangered,NoUsers
https://www.ethnologue.com/language/yyu,Still,Endangered,<10k
https://www.ethnologue.com/language/yyz,Still,Endangered,NoUsers
https://www.ethnologue.com/language/yzg,Still,Endangered,<10k
https://www.ethnologue.com/language/yzk,Still,Endangered,10k<1M
https://www.ethnologue.com/language/zaa,Emerging,Stable,<10k
https://www.ethnologue.com/language/zab,Emerging,Stable,10k<1M
https://www.ethnologue.com/language/zac,Emerging,Stable,10k<1M
https://www.ethnologue.com/language/zad,Emerging,Stable,<10k
https://www.ethnologue.com/language/zae,Emerging,Stable,<10k
https://www.ethnologue.com/language/zaf,Emerging,Endangered,<10k
https://www.ethnologue.com/language/zag,Emerging,Stable,10k<1M
https://www.ethnologue.com/language/zah,Still,Endangered,NoUsers
https://www.ethnologue.com/language/zai,Emerging,Endangered,10k<1M
https://www.ethnologue.com/language/zaj,Emerging,Endangered,10k<1M
https://www.ethnologue.com/language/zak,Emerging,Stable,10k<1M
https://www.ethnologue.com/language/zal,Still,Endangered,<10k
https://www.ethnologue.com/language/zam,Emerging,Endangered,<10k
https://www.ethnologue.com/language/zao,Emerging,Stable,<10k
https://www.ethnologue.com/language/zaq,Emerging,Stable,<10k
https://www.ethnologue.com/language/zar,Emerging,Stable,10k<1M
https://www.ethnologue.com/language/zas,Emerging,Stable,<10k
https://www.ethnologue.com/language/zat,Emerging,Endangered,<10k
https://www.ethnologue.com/language/zau,Emerging,Endangered,10k<1M
https://www.ethnologue.com/language/zav,Emerging,Endangered,<10k
https://www.ethnologue.com/language/zaw,Emerging,Stable,10k<1M
https://www.ethnologue.com/language/zax,Emerging,Endangered,<10k
https://www.ethnologue.com/language/zay,Emerging,Stable,10k<1M
https://www.ethnologue.com/language/zaz,Still,Endangered,NoUsers
https://www.ethnologue.com/language/zbc,Still,Endangered,<10k
https://www.ethnologue.com/language/zbe,Still,Endangered,<10k
https://www.ethnologue.com/language/zbt,Still,Endangered,<10k
https://www.ethnologue.com/language/zbu,Still,Stable,<10k
https://www.ethnologue.com/language/zbw,Still,Endangered,<10k
https://www.ethnologue.com/language/zca,Emerging,Stable,<10k
https://www.ethnologue.com/language/zcd,/img/logotype-black.svg,Stable,10k<1M
https://www.ethnologue.com/language/zch,Still,Stable,1M<1B
https://www.ethnologue.com/language/zdj,Emerging,Stable,10k<1M
https://www.ethnologue.com/language/zea,Ascending,Endangered,10k<1M
https://www.ethnologue.com/language/zeg,Still,Stable,<10k
https://www.ethnologue.com/language/zeh,Still,Stable,1M<1B
https://www.ethnologue.com/language/zem,/img/logotype-black.svg,Endangered,NoUsers
https://www.ethnologue.com/language/zen,Emerging,Endangered,<10k
https://www.ethnologue.com/language/zga,Emerging,Stable,10k<1M
https://www.ethnologue.com/language/zgb,Still,Stable,1M<1B
https://www.ethnologue.com/language/zgh,Ascending,Institutional,NoUsers
https://www.ethnologue.com/language/zgm,Still,Stable,10k<1M
https://www.ethnologue.com/language/zgn,Ascending,Institutional,1M<1B
https://www.ethnologue.com/language/zgr,Still,Endangered,<10k
https://www.ethnologue.com/language/zhb,Still,Endangered,<10k
https://www.ethnologue.com/language/zhd,Emerging,Endangered,10k<1M
https://www.ethnologue.com/language/zhi,Still,Stable,10k<1M
https://www.ethnologue.com/language/zhn,Emerging,Institutional,10k<1M
https://www.ethnologue.com/language/zhw,Emerging,Endangered,<10k
https://www.ethnologue.com/language/zia,Emerging,Stable,<10k
https://www.ethnologue.com/language/zib,Emerging,Stable,10k<1M
https://www.ethnologue.com/language/zik,Still,Stable,<10k
https://www.ethnologue.com/language/zil,Still,Stable,10k<1M
https://www.ethnologue.com/language/zim,Emerging,Stable,10k<1M
https://www.ethnologue.com/language/zin,Emerging,Endangered,10k<1M
https://www.ethnologue.com/language/ziw,Emerging,Endangered,10k<1M
https://www.ethnologue.com/language/ziz,Emerging,Stable,<10k
https://www.ethnologue.com/language/zka,Still,Stable,<10k
https://www.ethnologue.com/language/zkd,Still,Endangered,10k<1M
https://www.ethnologue.com/language/zkk,Still,Extinct,NoUsers
https://www.ethnologue.com/language/zkn,Still,Stable,<10k
https://www.ethnologue.com/language/zko,Still,Extinct,NoUsers
https://www.ethnologue.com/language/zkp,Still,Extinct,NoUsers
https://www.ethnologue.com/language/zkr,Still,Endangered,<10k
https://www.ethnologue.com/language/zku,Still,Endangered,<10k
https://www.ethnologue.com/language/zkv,Still,Extinct,NoUsers
https://www.ethnologue.com/language/zla,Still,Stable,10k<1M
https://www.ethnologue.com/language/zlj,Emerging,Stable,1M<1B
https://www.ethnologue.com/language/zlm,Vital,Institutional,1M<1B
https://www.ethnologue.com/language/zln,Still,Endangered,10k<1M
https://www.ethnologue.com/language/zlq,Still,Endangered,10k<1M
https://www.ethnologue.com/language/zlu,/img/logotype-black.svg,Stable,<10k
https://www.ethnologue.com/language/zma,Still,Extinct,NoUsers
https://www.ethnologue.com/language/zmb,Emerging,Stable,10k<1M
https://www.ethnologue.com/language/zmc,Still,Extinct,NoUsers
https://www.ethnologue.com/language/zmd,Still,Endangered,NoUsers
https://www.ethnologue.com/language/zme,Still,Extinct,NoUsers
https://www.ethnologue.com/language/zmf,Still,Endangered,<10k
https://www.ethnologue.com/language/zmg,Still,Endangered,NoUsers
https://www.ethnologue.com/language/zmh,Still,Endangered,NoUsers
https://www.ethnologue.com/language/zmi,Emerging,Endangered,NoUsers
https://www.ethnologue.com/language/zmj,Still,Endangered,NoUsers
https://www.ethnologue.com/language/zmk,Still,Extinct,NoUsers
https://www.ethnologue.com/language/zml,Still,Extinct,NoUsers
https://www.ethnologue.com/language/zmm,Still,Endangered,NoUsers
https://www.ethnologue.com/language/zmn,Still,Endangered,<10k
https://www.ethnologue.com/language/zmo,Still,Endangered,<10k
https://www.ethnologue.com/language/zmp,Still,Endangered,10k<1M
https://www.ethnologue.com/language/zmq,Emerging,Stable,10k<1M
https://www.ethnologue.com/language/zmr,Still,Endangered,NoUsers
https://www.ethnologue.com/language/zms,Emerging,Stable,<10k
https://www.ethnologue.com/language/zmt,Still,Endangered,NoUsers
https://www.ethnologue.com/language/zmu,Still,Endangered,NoUsers
https://www.ethnologue.com/language/zmv,Still,Extinct,NoUsers
https://www.ethnologue.com/language/zmw,Emerging,Stable,10k<1M
https://www.ethnologue.com/language/zmx,Still,Endangered,10k<1M
https://www.ethnologue.com/language/zmy,Still,Endangered,NoUsers
https://www.ethnologue.com/language/zmz,Emerging,Stable,10k<1M
https://www.ethnologue.com/language/zna,Emerging,Stable,<10k
https://www.ethnologue.com/language/zne,Ascending,Institutional,1M<1B
https://www.ethnologue.com/language/zng,Still,Endangered,<10k
https://www.ethnologue.com/language/znk,Still,Extinct,NoUsers
https://www.ethnologue.com/language/zns,Still,Endangered,<10k
https://www.ethnologue.com/language/zoc,Emerging,Stable,10k<1M
https://www.ethnologue.com/language/zoh,Still,Endangered,<10k
https://www.ethnologue.com/language/zom,Emerging,Stable,10k<1M
https://www.ethnologue.com/language/zoo,Emerging,Endangered,<10k
https://www.ethnologue.com/language/zoq,Emerging,Endangered,NoUsers
https://www.ethnologue.com/language/zor,Still,Endangered,<10k
https://www.ethnologue.com/language/zos,Emerging,Stable,10k<1M
https://www.ethnologue.com/language/zpa,Emerging,Endangered,<10k
https://www.ethnologue.com/language/zpb,Emerging,Endangered,<10k
https://www.ethnologue.com/language/zpc,Emerging,Endangered,10k<1M
https://www.ethnologue.com/language/zpd,Emerging,Endangered,<10k
https://www.ethnologue.com/language/zpe,Emerging,Endangered,<10k
https://www.ethnologue.com/language/zpf,Emerging,Stable,10k<1M
https://www.ethnologue.com/language/zpg,Emerging,Stable,<10k
https://www.ethnologue.com/language/zph,Emerging,Endangered,<10k
https://www.ethnologue.com/language/zpi,Emerging,Endangered,<10k
https://www.ethnologue.com/language/zpj,Emerging,Stable,<10k
https://www.ethnologue.com/language/zpk,Emerging,Endangered,NoUsers
https://www.ethnologue.com/language/zpl,Emerging,Stable,<10k
https://www.ethnologue.com/language/zpm,Emerging,Stable,<10k
https://www.ethnologue.com/language/zpn,Emerging,Endangered,<10k
https://www.ethnologue.com/language/zpo,Emerging,Stable,10k<1M
https://www.ethnologue.com/language/zpp,Emerging,Endangered,<10k
https://www.ethnologue.com/language/zpq,Emerging,Endangered,<10k
https://www.ethnologue.com/language/zpr,Emerging,Endangered,<10k
https://www.ethnologue.com/language/zps,Emerging,Endangered,<10k
https://www.ethnologue.com/language/zpt,Emerging,Stable,<10k
https://www.ethnologue.com/language/zpu,Emerging,Stable,<10k
https://www.ethnologue.com/language/zpv,Emerging,Endangered,<10k
https://www.ethnologue.com/language/zpw,Emerging,Endangered,<10k
https://www.ethnologue.com/language/zpx,Emerging,Endangered,<10k
https://www.ethnologue.com/language/zpy,Emerging,Stable,<10k
https://www.ethnologue.com/language/zpz,Emerging,Stable,<10k
https://www.ethnologue.com/language/zqe,Emerging,Stable,10k<1M
https://www.ethnologue.com/language/zrg,Emerging,Stable,10k<1M
https://www.ethnologue.com/language/zrn,Emerging,Endangered,<10k
https://www.ethnologue.com/language/zro,Emerging,Endangered,NoUsers
https://www.ethnologue.com/language/zrs,Emerging,Endangered,<10k
https://www.ethnologue.com/language/zsa,Still,Endangered,<10k
https://www.ethnologue.com/language/zsl,Emerging,Stable,10k<1M
https://www.ethnologue.com/language/zsm,Ascending,Institutional,NoUsers
https://www.ethnologue.com/language/zsr,Emerging,Stable,10k<1M
https://www.ethnologue.com/language/zsu,Still,Stable,<10k
https://www.ethnologue.com/language/zte,Emerging,Endangered,<10k
https://www.ethnologue.com/language/ztg,Emerging,Stable,<10k
https://www.ethnologue.com/language/ztl,Emerging,Stable,<10k
https://www.ethnologue.com/language/ztm,Emerging,Endangered,NoUsers
https://www.ethnologue.com/language/ztn,Emerging,Endangered,<10k
https://www.ethnologue.com/language/ztp,Emerging,Stable,10k<1M
https://www.ethnologue.com/language/ztq,Emerging,Stable,<10k
https://www.ethnologue.com/language/zts,Emerging,Stable,<10k
https://www.ethnologue.com/language/ztt,Emerging,Endangered,NoUsers
https://www.ethnologue.com/language/ztu,Emerging,Stable,10k<1M
https://www.ethnologue.com/language/ztx,Emerging,Endangered,<10k
https://www.ethnologue.com/language/zty,Emerging,Stable,<10k
https://www.ethnologue.com/language/zuh,Emerging,Stable,<10k
https://www.ethnologue.com/language/zul,Vital,Institutional,1M<1B
https://www.ethnologue.com/language/zum,Emerging,Endangered,<10k
https://www.ethnologue.com/language/zun,Still,Endangered,10k<1M
https://www.ethnologue.com/language/zuy,Emerging,Extinct,NoUsers
https://www.ethnologue.com/language/zwa,Emerging,Endangered,10k<1M
https://www.ethnologue.com/language/zyb,Emerging,Stable,1M<1B
https://www.ethnologue.com/language/zyg,Still,Stable,10k<1M
https://www.ethnologue.com/language/zyj,Emerging,Stable,10k<1M
https://www.ethnologue.com/language/zyn,Still,Stable,1M<1B
https://www.ethnologue.com/language/zyp,Emerging,Stable,10k<1M
https://www.ethnologue.com/language/zzj,Still,Stable,1M<1B
